image,label,subset
248.jpeg,bumper_dent,train
533.jpeg,bumper_dent,train
814.jpeg,bumper_dent,train
1146.jpeg,bumper_dent,train
367.jpeg,bumper_dent,train
765.jpeg,bumper_dent,train
1389.jpeg,bumper_dent,train
92.jpeg,bumper_dent,train
389.jpeg,bumper_dent,train
815.jpeg,bumper_dent,train
308.jpeg,bumper_dent,train
1358.jpeg,bumper_dent,train
359.jpeg,bumper_dent,train
1166.jpeg,bumper_dent,train
1424.jpeg,bumper_dent,train
642.jpeg,bumper_dent,train
49.jpeg,bumper_dent,train
874.jpeg,bumper_dent,train
915.jpeg,bumper_dent,train
449.jpeg,bumper_dent,train
581.jpeg,bumper_dent,train
397.jpeg,bumper_dent,train
164.jpeg,bumper_dent,train
1414.jpeg,bumper_dent,train
392.jpeg,bumper_dent,train
1017.jpeg,bumper_dent,train
86.jpeg,bumper_dent,train
531.jpeg,bumper_dent,train
950.jpeg,bumper_dent,train
1231.jpeg,bumper_dent,train
1314.jpeg,bumper_dent,train
87.jpeg,bumper_dent,train
133.jpeg,bumper_dent,train
1125.jpeg,bumper_dent,train
41.jpeg,bumper_dent,train
183.jpeg,bumper_dent,train
444.jpeg,bumper_dent,train
914.jpeg,bumper_dent,train
1189.jpeg,bumper_dent,train
83.jpeg,bumper_dent,train
1002.jpeg,bumper_dent,train
1320.jpeg,bumper_dent,train
1332.jpeg,bumper_dent,train
654.jpeg,bumper_dent,train
586.jpeg,bumper_dent,train
1364.jpeg,bumper_dent,train
561.jpeg,bumper_dent,train
1301.jpeg,bumper_dent,train
730.jpeg,bumper_dent,train
1416.jpeg,bumper_dent,train
977.jpeg,bumper_dent,train
1373.jpeg,bumper_dent,train
1079.jpeg,bumper_dent,train
504.jpeg,bumper_dent,train
693.jpeg,bumper_dent,train
1075.jpeg,bumper_dent,train
578.jpeg,bumper_dent,train
1058.jpeg,bumper_dent,train
1318.jpeg,bumper_dent,train
680.jpeg,bumper_dent,train
948.jpeg,bumper_dent,train
369.jpeg,bumper_dent,train
1378.jpeg,bumper_dent,train
701.jpeg,bumper_dent,train
767.jpeg,bumper_dent,train
1309.jpeg,bumper_dent,train
419.jpeg,bumper_dent,train
361.jpeg,bumper_dent,train
1356.jpeg,bumper_dent,train
11.jpeg,bumper_dent,train
629.jpeg,bumper_dent,train
234.jpeg,bumper_dent,train
17.jpeg,bumper_dent,train
288.jpeg,bumper_dent,train
1209.jpeg,bumper_dent,train
1171.jpeg,bumper_dent,train
1055.jpeg,bumper_dent,train
1359.jpeg,bumper_dent,train
916.jpeg,bumper_dent,train
1020.jpeg,bumper_dent,train
996.jpeg,bumper_dent,train
1478.jpeg,bumper_dent,train
222.jpeg,bumper_dent,train
703.jpeg,bumper_dent,train
888.jpeg,bumper_dent,train
1271.jpeg,bumper_dent,train
153.jpeg,bumper_dent,train
1092.jpeg,bumper_dent,train
598.jpeg,bumper_dent,train
1198.jpeg,bumper_dent,train
346.jpeg,bumper_dent,val
497.jpeg,bumper_dent,val
159.jpeg,bumper_dent,val
103.jpeg,bumper_dent,val
214.jpeg,bumper_dent,val
9.jpeg,bumper_dent,val
1324.jpeg,bumper_dent,val
368.jpeg,bumper_dent,val
837.jpeg,bumper_dent,val
110.jpeg,bumper_dent,val
513.jpeg,bumper_dent,val
1135.jpeg,bumper_dent,val
1365.jpeg,bumper_dent,val
1120.jpeg,bumper_dent,val
209.jpeg,bumper_dent,val
1259.jpeg,bumper_dent,val
1162.jpeg,bumper_dent,val
576.jpeg,bumper_dent,val
962.jpeg,bumper_dent,val
307.jpeg,bumper_dent,test
1068.jpeg,bumper_dent,test
1340.jpeg,bumper_dent,test
46.jpeg,bumper_dent,test
111.jpeg,bumper_dent,test
884.jpeg,bumper_dent,test
882.jpeg,bumper_dent,test
966.jpeg,bumper_dent,test
1415.jpeg,bumper_dent,test
1186.jpeg,bumper_dent,test
986.jpeg,bumper_dent,test
991.jpeg,bumper_dent,test
413.jpeg,bumper_dent,test
802.jpeg,bumper_dent,test
1006.jpeg,bumper_dent,test
324.jpeg,bumper_dent,test
1475.jpeg,bumper_dent,test
666.jpeg,bumper_dent,test
540.jpeg,bumper_dent,test
667.jpeg,bumper_dent,test
292.jpeg,bumper_scratch,train
244.jpeg,bumper_scratch,train
1185.jpeg,bumper_scratch,train
137.jpeg,bumper_scratch,train
172.jpeg,bumper_scratch,train
499.jpeg,bumper_scratch,train
1392.jpeg,bumper_scratch,train
1008.jpeg,bumper_scratch,train
714.jpeg,bumper_scratch,train
748.jpeg,bumper_scratch,train
137.jpeg,bumper_scratch,train
958.jpeg,bumper_scratch,train
589.jpeg,bumper_scratch,train
1065.jpeg,bumper_scratch,train
499.jpeg,bumper_scratch,train
1248.jpeg,bumper_scratch,train
232.jpeg,bumper_scratch,train
267.jpeg,bumper_scratch,train
535.jpeg,bumper_scratch,train
27.jpeg,bumper_scratch,train
736.jpeg,bumper_scratch,train
748.jpeg,bumper_scratch,train
1152.jpeg,bumper_scratch,train
776.jpeg,bumper_scratch,train
1152.jpeg,bumper_scratch,train
508.jpeg,bumper_scratch,train
736.jpeg,bumper_scratch,train
589.jpeg,bumper_scratch,train
439.jpeg,bumper_scratch,train
414.jpeg,bumper_scratch,train
648.jpeg,bumper_scratch,train
1500.jpeg,bumper_scratch,train
1437.jpeg,bumper_scratch,train
728.jpeg,bumper_scratch,train
207.jpeg,bumper_scratch,train
476.jpeg,bumper_scratch,train
1399.jpeg,bumper_scratch,train
934.jpeg,bumper_scratch,train
785.jpeg,bumper_scratch,train
758.jpeg,bumper_scratch,train
1025.jpeg,bumper_scratch,train
1339.jpeg,bumper_scratch,train
607.jpeg,bumper_scratch,train
573.jpeg,bumper_scratch,train
714.jpeg,bumper_scratch,train
784.jpeg,bumper_scratch,train
1065.jpeg,bumper_scratch,train
1497.jpeg,bumper_scratch,train
306.jpeg,bumper_scratch,train
410.jpeg,bumper_scratch,train
907.jpeg,bumper_scratch,train
140.jpeg,bumper_scratch,train
631.jpeg,bumper_scratch,train
781.jpeg,bumper_scratch,train
1277.jpeg,bumper_scratch,train
816.jpeg,bumper_scratch,train
627.jpeg,bumper_scratch,train
1497.jpeg,bumper_scratch,train
1399.jpeg,bumper_scratch,train
618.jpeg,bumper_scratch,train
784.jpeg,bumper_scratch,train
175.jpeg,bumper_scratch,train
764.jpeg,bumper_scratch,train
1308.jpeg,bumper_scratch,train
764.jpeg,bumper_scratch,train
508.jpeg,bumper_scratch,train
223.jpeg,bumper_scratch,train
56.jpeg,bumper_scratch,train
1185.jpeg,bumper_scratch,train
1229.jpeg,bumper_scratch,train
175.jpeg,bumper_scratch,train
207.jpeg,bumper_scratch,train
1355.jpeg,bumper_scratch,train
575.jpeg,bumper_scratch,train
263.jpeg,bumper_scratch,train
969.jpeg,bumper_scratch,train
960.jpeg,bumper_scratch,train
102.jpeg,bumper_scratch,train
296.jpeg,bumper_scratch,train
1336.jpeg,bumper_scratch,train
1025.jpeg,bumper_scratch,train
920.jpeg,bumper_scratch,train
1248.jpeg,bumper_scratch,train
1134.jpeg,bumper_scratch,train
920.jpeg,bumper_scratch,train
439.jpeg,bumper_scratch,train
818.jpeg,bumper_scratch,train
1437.jpeg,bumper_scratch,train
960.jpeg,bumper_scratch,train
813.jpeg,bumper_scratch,train
172.jpeg,bumper_scratch,train
393.jpeg,bumper_scratch,train
959.jpeg,bumper_scratch,train
1392.jpeg,bumper_scratch,train
785.jpeg,bumper_scratch,train
648.jpeg,bumper_scratch,train
1336.jpeg,bumper_scratch,train
56.jpeg,bumper_scratch,train
875.jpeg,bumper_scratch,train
1235.jpeg,bumper_scratch,train
813.jpeg,bumper_scratch,train
393.jpeg,bumper_scratch,train
296.jpeg,bumper_scratch,train
618.jpeg,bumper_scratch,train
140.jpeg,bumper_scratch,train
1355.jpeg,bumper_scratch,train
728.jpeg,bumper_scratch,train
1500.jpeg,bumper_scratch,train
340.jpeg,bumper_scratch,train
1310.jpeg,bumper_scratch,train
436.jpeg,bumper_scratch,train
267.jpeg,bumper_scratch,train
232.jpeg,bumper_scratch,train
340.jpeg,bumper_scratch,train
907.jpeg,bumper_scratch,val
866.jpeg,bumper_scratch,val
958.jpeg,bumper_scratch,val
90.jpeg,bumper_scratch,val
535.jpeg,bumper_scratch,val
1431.jpeg,bumper_scratch,val
102.jpeg,bumper_scratch,val
781.jpeg,bumper_scratch,val
607.jpeg,bumper_scratch,val
306.jpeg,bumper_scratch,val
816.jpeg,bumper_scratch,val
244.jpeg,bumper_scratch,val
260.jpeg,bumper_scratch,val
223.jpeg,bumper_scratch,val
476.jpeg,bumper_scratch,val
327.jpeg,bumper_scratch,val
260.jpeg,bumper_scratch,val
1308.jpeg,bumper_scratch,val
1235.jpeg,bumper_scratch,val
1366.jpeg,bumper_scratch,val
866.jpeg,bumper_scratch,val
627.jpeg,bumper_scratch,val
436.jpeg,bumper_scratch,val
875.jpeg,bumper_scratch,val
1277.jpeg,bumper_scratch,val
1229.jpeg,bumper_scratch,test
1310.jpeg,bumper_scratch,test
959.jpeg,bumper_scratch,test
631.jpeg,bumper_scratch,test
414.jpeg,bumper_scratch,test
776.jpeg,bumper_scratch,test
295.jpeg,bumper_scratch,test
1339.jpeg,bumper_scratch,test
1008.jpeg,bumper_scratch,test
295.jpeg,bumper_scratch,test
292.jpeg,bumper_scratch,test
263.jpeg,bumper_scratch,test
758.jpeg,bumper_scratch,test
327.jpeg,bumper_scratch,test
934.jpeg,bumper_scratch,test
1366.jpeg,bumper_scratch,test
969.jpeg,bumper_scratch,test
27.jpeg,bumper_scratch,test
410.jpeg,bumper_scratch,test
573.jpeg,bumper_scratch,test
1134.jpeg,bumper_scratch,test
818.jpeg,bumper_scratch,test
575.jpeg,bumper_scratch,test
90.jpeg,bumper_scratch,test
1431.jpeg,bumper_scratch,test
78.jpeg,door_dent,train
316.jpeg,door_dent,train
1245.jpeg,door_dent,train
1484.jpeg,door_dent,train
1436.jpeg,door_dent,train
766.jpeg,door_dent,train
201.jpeg,door_dent,train
941.jpeg,door_dent,train
698.jpeg,door_dent,train
747.jpeg,door_dent,train
20.jpeg,door_dent,train
354.jpeg,door_dent,train
788.jpeg,door_dent,train
742.jpeg,door_dent,train
976.jpeg,door_dent,train
280.jpeg,door_dent,train
1418.jpeg,door_dent,train
192.jpeg,door_dent,train
1434.jpeg,door_dent,train
897.jpeg,door_dent,train
965.jpeg,door_dent,train
70.jpeg,door_dent,train
900.jpeg,door_dent,train
1205.jpeg,door_dent,train
45.jpeg,door_dent,train
203.jpeg,door_dent,train
804.jpeg,door_dent,train
24.jpeg,door_dent,train
239.jpeg,door_dent,train
946.jpeg,door_dent,train
1057.jpeg,door_dent,train
933.jpeg,door_dent,train
1048.jpeg,door_dent,train
60.jpeg,door_dent,train
462.jpeg,door_dent,train
762.jpeg,door_dent,train
1086.jpeg,door_dent,train
12.jpeg,door_dent,train
1353.jpeg,door_dent,train
1154.jpeg,door_dent,train
526.jpeg,door_dent,train
1459.jpeg,door_dent,train
468.jpeg,door_dent,train
332.jpeg,door_dent,train
909.jpeg,door_dent,train
204.jpeg,door_dent,train
303.jpeg,door_dent,train
1173.jpeg,door_dent,train
1386.jpeg,door_dent,train
200.jpeg,door_dent,train
193.jpeg,door_dent,train
1122.jpeg,door_dent,train
1089.jpeg,door_dent,train
649.jpeg,door_dent,train
828.jpeg,door_dent,train
609.jpeg,door_dent,train
675.jpeg,door_dent,train
302.jpeg,door_dent,train
953.jpeg,door_dent,train
702.jpeg,door_dent,train
594.jpeg,door_dent,train
1453.jpeg,door_dent,train
1272.jpeg,door_dent,train
358.jpeg,door_dent,train
745.jpeg,door_dent,train
1155.jpeg,door_dent,train
1485.jpeg,door_dent,train
461.jpeg,door_dent,train
551.jpeg,door_dent,train
259.jpeg,door_dent,train
323.jpeg,door_dent,train
1005.jpeg,door_dent,train
22.jpeg,door_dent,train
811.jpeg,door_dent,train
418.jpeg,door_dent,train
1360.jpeg,door_dent,train
1199.jpeg,door_dent,train
1402.jpeg,door_dent,train
396.jpeg,door_dent,train
643.jpeg,door_dent,train
261.jpeg,door_dent,train
50.jpeg,door_dent,train
844.jpeg,door_dent,train
737.jpeg,door_dent,train
659.jpeg,door_dent,train
1347.jpeg,door_dent,train
1381.jpeg,door_dent,train
721.jpeg,door_dent,train
55.jpeg,door_dent,train
88.jpeg,door_dent,train
456.jpeg,door_dent,train
1284.jpeg,door_dent,train
998.jpeg,door_dent,train
136.jpeg,door_dent,train
550.jpeg,door_dent,train
1343.jpeg,door_dent,train
1015.jpeg,door_dent,train
1327.jpeg,door_dent,train
1394.jpeg,door_dent,train
467.jpeg,door_dent,train
420.jpeg,door_dent,train
820.jpeg,door_dent,train
407.jpeg,door_dent,train
1462.jpeg,door_dent,train
450.jpeg,door_dent,train
360.jpeg,door_dent,train
720.jpeg,door_dent,train
166.jpeg,door_dent,train
448.jpeg,door_dent,train
1253.jpeg,door_dent,train
1439.jpeg,door_dent,train
979.jpeg,door_dent,train
281.jpeg,door_dent,train
1225.jpeg,door_dent,train
1419.jpeg,door_dent,train
13.jpeg,door_dent,train
417.jpeg,door_dent,train
1187.jpeg,door_dent,train
987.jpeg,door_dent,train
1203.jpeg,door_dent,train
799.jpeg,door_dent,train
786.jpeg,door_dent,train
890.jpeg,door_dent,train
719.jpeg,door_dent,train
558.jpeg,door_dent,train
925.jpeg,door_dent,train
1501.jpeg,door_dent,train
158.jpeg,door_dent,train
534.jpeg,door_dent,train
812.jpeg,door_dent,train
93.jpeg,door_dent,train
739.jpeg,door_dent,train
1411.jpeg,door_dent,train
794.jpeg,door_dent,train
490.jpeg,door_dent,val
733.jpeg,door_dent,val
301.jpeg,door_dent,val
833.jpeg,door_dent,val
848.jpeg,door_dent,val
151.jpeg,door_dent,val
233.jpeg,door_dent,val
1033.jpeg,door_dent,val
1090.jpeg,door_dent,val
415.jpeg,door_dent,val
1043.jpeg,door_dent,val
1217.jpeg,door_dent,val
588.jpeg,door_dent,val
1429.jpeg,door_dent,val
657.jpeg,door_dent,val
39.jpeg,door_dent,val
782.jpeg,door_dent,val
421.jpeg,door_dent,val
601.jpeg,door_dent,val
898.jpeg,door_dent,val
846.jpeg,door_dent,val
1219.jpeg,door_dent,val
1352.jpeg,door_dent,val
145.jpeg,door_dent,val
277.jpeg,door_dent,val
1216.jpeg,door_dent,val
458.jpeg,door_dent,val
1220.jpeg,door_dent,val
1291.jpeg,door_dent,val
334.jpeg,door_dent,test
1397.jpeg,door_dent,test
1350.jpeg,door_dent,test
475.jpeg,door_dent,test
320.jpeg,door_dent,test
446.jpeg,door_dent,test
1099.jpeg,door_dent,test
881.jpeg,door_dent,test
792.jpeg,door_dent,test
480.jpeg,door_dent,test
574.jpeg,door_dent,test
1103.jpeg,door_dent,test
1013.jpeg,door_dent,test
1315.jpeg,door_dent,test
122.jpeg,door_dent,test
494.jpeg,door_dent,test
100.jpeg,door_dent,test
849.jpeg,door_dent,test
1276.jpeg,door_dent,test
492.jpeg,door_dent,test
860.jpeg,door_dent,test
955.jpeg,door_dent,test
213.jpeg,door_dent,test
1279.jpeg,door_dent,test
217.jpeg,door_dent,test
58.jpeg,door_dent,test
1241.jpeg,door_dent,test
194.jpeg,door_dent,test
1138.jpeg,door_dent,test
426.jpeg,door_scratch,train
42.jpeg,door_scratch,train
311.jpeg,door_scratch,train
525.jpeg,door_scratch,train
956.jpeg,door_scratch,train
1323.jpeg,door_scratch,train
135.jpeg,door_scratch,train
1413.jpeg,door_scratch,train
105.jpeg,door_scratch,train
608.jpeg,door_scratch,train
1001.jpeg,door_scratch,train
861.jpeg,door_scratch,train
2.jpeg,door_scratch,train
775.jpeg,door_scratch,train
1481.jpeg,door_scratch,train
1165.jpeg,door_scratch,train
188.jpeg,door_scratch,train
635.jpeg,door_scratch,train
441.jpeg,door_scratch,train
795.jpeg,door_scratch,train
235.jpeg,door_scratch,train
409.jpeg,door_scratch,train
1145.jpeg,door_scratch,train
197.jpeg,door_scratch,train
181.jpeg,door_scratch,train
1042.jpeg,door_scratch,train
390.jpeg,door_scratch,train
831.jpeg,door_scratch,train
1460.jpeg,door_scratch,train
1244.jpeg,door_scratch,train
501.jpeg,door_scratch,train
1192.jpeg,door_scratch,train
1222.jpeg,door_scratch,train
735.jpeg,door_scratch,train
317.jpeg,door_scratch,train
1011.jpeg,door_scratch,train
1114.jpeg,door_scratch,train
624.jpeg,door_scratch,train
1349.jpeg,door_scratch,train
926.jpeg,door_scratch,train
554.jpeg,door_scratch,train
44.jpeg,door_scratch,train
1395.jpeg,door_scratch,train
1110.jpeg,door_scratch,train
510.jpeg,door_scratch,train
338.jpeg,door_scratch,train
850.jpeg,door_scratch,train
809.jpeg,door_scratch,train
329.jpeg,door_scratch,train
1227.jpeg,door_scratch,train
63.jpeg,door_scratch,train
437.jpeg,door_scratch,train
708.jpeg,door_scratch,train
1095.jpeg,door_scratch,train
932.jpeg,door_scratch,train
868.jpeg,door_scratch,train
1367.jpeg,door_scratch,train
1379.jpeg,door_scratch,train
923.jpeg,door_scratch,train
89.jpeg,door_scratch,train
115.jpeg,door_scratch,train
595.jpeg,door_scratch,train
1298.jpeg,door_scratch,train
32.jpeg,door_scratch,train
139.jpeg,door_scratch,train
375.jpeg,door_scratch,train
729.jpeg,door_scratch,train
1329.jpeg,door_scratch,train
51.jpeg,door_scratch,train
1213.jpeg,door_scratch,train
1021.jpeg,door_scratch,train
29.jpeg,door_scratch,train
630.jpeg,door_scratch,train
1139.jpeg,door_scratch,train
559.jpeg,door_scratch,train
1082.jpeg,door_scratch,train
521.jpeg,door_scratch,train
1238.jpeg,door_scratch,train
486.jpeg,door_scratch,train
1242.jpeg,door_scratch,train
611.jpeg,door_scratch,train
1495.jpeg,door_scratch,train
593.jpeg,door_scratch,train
509.jpeg,door_scratch,train
891.jpeg,door_scratch,train
173.jpeg,door_scratch,train
592.jpeg,door_scratch,train
1457.jpeg,door_scratch,train
1281.jpeg,door_scratch,train
347.jpeg,door_scratch,train
1432.jpeg,door_scratch,train
10.jpeg,door_scratch,train
529.jpeg,door_scratch,train
1287.jpeg,door_scratch,train
1038.jpeg,door_scratch,train
1012.jpeg,door_scratch,train
1141.jpeg,door_scratch,train
883.jpeg,door_scratch,train
740.jpeg,door_scratch,train
1180.jpeg,door_scratch,train
1506.jpeg,door_scratch,train
169.jpeg,door_scratch,train
725.jpeg,door_scratch,train
1069.jpeg,door_scratch,train
124.jpeg,door_scratch,train
943.jpeg,door_scratch,train
1024.jpeg,door_scratch,train
125.jpeg,door_scratch,val
1147.jpeg,door_scratch,val
1385.jpeg,door_scratch,val
640.jpeg,door_scratch,val
1401.jpeg,door_scratch,val
1305.jpeg,door_scratch,val
947.jpeg,door_scratch,val
1128.jpeg,door_scratch,val
429.jpeg,door_scratch,val
1499.jpeg,door_scratch,val
1449.jpeg,door_scratch,val
662.jpeg,door_scratch,val
174.jpeg,door_scratch,val
873.jpeg,door_scratch,val
1335.jpeg,door_scratch,val
98.jpeg,door_scratch,val
1119.jpeg,door_scratch,val
276.jpeg,door_scratch,val
463.jpeg,door_scratch,val
1438.jpeg,door_scratch,val
879.jpeg,door_scratch,val
829.jpeg,door_scratch,val
1023.jpeg,door_scratch,val
304.jpeg,door_scratch,test
854.jpeg,door_scratch,test
1000.jpeg,door_scratch,test
869.jpeg,door_scratch,test
1341.jpeg,door_scratch,test
572.jpeg,door_scratch,test
147.jpeg,door_scratch,test
1137.jpeg,door_scratch,test
1106.jpeg,door_scratch,test
289.jpeg,door_scratch,test
341.jpeg,door_scratch,test
1047.jpeg,door_scratch,test
146.jpeg,door_scratch,test
106.jpeg,door_scratch,test
218.jpeg,door_scratch,test
1450.jpeg,door_scratch,test
112.jpeg,door_scratch,test
219.jpeg,door_scratch,test
945.jpeg,door_scratch,test
566.jpeg,door_scratch,test
1153.jpeg,door_scratch,test
641.jpeg,door_scratch,test
687.jpeg,door_scratch,test
673.jpeg,door_scratch,test
577.jpeg,glass_shatter,train
1351.jpeg,glass_shatter,train
1026.jpeg,glass_shatter,train
454.jpeg,glass_shatter,train
165.jpeg,glass_shatter,train
892.jpeg,glass_shatter,train
411.jpeg,glass_shatter,train
220.jpeg,glass_shatter,train
524.jpeg,glass_shatter,train
761.jpeg,glass_shatter,train
1049.jpeg,glass_shatter,train
484.jpeg,glass_shatter,train
290.jpeg,glass_shatter,train
832.jpeg,glass_shatter,train
1172.jpeg,glass_shatter,train
85.jpeg,glass_shatter,train
363.jpeg,glass_shatter,train
1396.jpeg,glass_shatter,train
245.jpeg,glass_shatter,train
843.jpeg,glass_shatter,train
284.jpeg,glass_shatter,train
652.jpeg,glass_shatter,train
683.jpeg,glass_shatter,train
519.jpeg,glass_shatter,train
66.jpeg,glass_shatter,train
810.jpeg,glass_shatter,train
842.jpeg,glass_shatter,train
489.jpeg,glass_shatter,train
377.jpeg,glass_shatter,train
373.jpeg,glass_shatter,train
1032.jpeg,glass_shatter,train
68.jpeg,glass_shatter,train
435.jpeg,glass_shatter,train
712.jpeg,glass_shatter,train
835.jpeg,glass_shatter,train
1243.jpeg,glass_shatter,train
1331.jpeg,glass_shatter,train
77.jpeg,glass_shatter,train
152.jpeg,glass_shatter,train
1372.jpeg,glass_shatter,train
26.jpeg,glass_shatter,train
185.jpeg,glass_shatter,train
406.jpeg,glass_shatter,train
754.jpeg,glass_shatter,train
1214.jpeg,glass_shatter,train
67.jpeg,glass_shatter,train
1508.jpeg,glass_shatter,train
1442.jpeg,glass_shatter,train
1226.jpeg,glass_shatter,train
520.jpeg,glass_shatter,train
496.jpeg,glass_shatter,train
1035.jpeg,glass_shatter,train
482.jpeg,glass_shatter,train
1045.jpeg,glass_shatter,train
596.jpeg,glass_shatter,train
1490.jpeg,glass_shatter,train
825.jpeg,glass_shatter,train
1224.jpeg,glass_shatter,train
1007.jpeg,glass_shatter,train
427.jpeg,glass_shatter,train
562.jpeg,glass_shatter,train
995.jpeg,glass_shatter,train
485.jpeg,glass_shatter,train
921.jpeg,glass_shatter,train
1338.jpeg,glass_shatter,train
560.jpeg,glass_shatter,train
779.jpeg,glass_shatter,train
350.jpeg,glass_shatter,train
1451.jpeg,glass_shatter,train
569.jpeg,glass_shatter,train
626.jpeg,glass_shatter,train
1325.jpeg,glass_shatter,train
385.jpeg,glass_shatter,train
286.jpeg,glass_shatter,train
1163.jpeg,glass_shatter,train
1391.jpeg,glass_shatter,train
14.jpeg,glass_shatter,train
514.jpeg,glass_shatter,train
210.jpeg,glass_shatter,train
18.jpeg,glass_shatter,train
226.jpeg,glass_shatter,train
1101.jpeg,glass_shatter,train
1073.jpeg,glass_shatter,train
1303.jpeg,glass_shatter,train
911.jpeg,glass_shatter,train
1405.jpeg,glass_shatter,train
769.jpeg,glass_shatter,train
1345.jpeg,glass_shatter,train
1511.jpeg,glass_shatter,train
196.jpeg,glass_shatter,train
724.jpeg,glass_shatter,train
1129.jpeg,glass_shatter,train
156.jpeg,glass_shatter,train
1010.jpeg,glass_shatter,train
1097.jpeg,glass_shatter,train
663.jpeg,glass_shatter,val
466.jpeg,glass_shatter,val
425.jpeg,glass_shatter,val
1111.jpeg,glass_shatter,val
109.jpeg,glass_shatter,val
47.jpeg,glass_shatter,val
141.jpeg,glass_shatter,val
1289.jpeg,glass_shatter,val
237.jpeg,glass_shatter,val
253.jpeg,glass_shatter,val
6.jpeg,glass_shatter,val
378.jpeg,glass_shatter,val
1070.jpeg,glass_shatter,val
858.jpeg,glass_shatter,val
1200.jpeg,glass_shatter,val
1458.jpeg,glass_shatter,val
1384.jpeg,glass_shatter,val
1300.jpeg,glass_shatter,val
305.jpeg,glass_shatter,val
108.jpeg,glass_shatter,val
821.jpeg,glass_shatter,val
1081.jpeg,glass_shatter,test
678.jpeg,glass_shatter,test
1473.jpeg,glass_shatter,test
178.jpeg,glass_shatter,test
1362.jpeg,glass_shatter,test
621.jpeg,glass_shatter,test
555.jpeg,glass_shatter,test
1448.jpeg,glass_shatter,test
507.jpeg,glass_shatter,test
639.jpeg,glass_shatter,test
187.jpeg,glass_shatter,test
688.jpeg,glass_shatter,test
195.jpeg,glass_shatter,test
867.jpeg,glass_shatter,test
431.jpeg,glass_shatter,test
789.jpeg,glass_shatter,test
256.jpeg,glass_shatter,test
1091.jpeg,glass_shatter,test
1313.jpeg,glass_shatter,test
1116.jpeg,glass_shatter,test
989.jpeg,glass_shatter,test
993.jpeg,head_lamp,train
669.jpeg,head_lamp,train
318.jpeg,head_lamp,train
527.jpeg,head_lamp,train
696.jpeg,head_lamp,train
1044.jpeg,head_lamp,train
376.jpeg,head_lamp,train
770.jpeg,head_lamp,train
681.jpeg,head_lamp,train
144.jpeg,head_lamp,train
388.jpeg,head_lamp,train
697.jpeg,head_lamp,train
351.jpeg,head_lamp,train
778.jpeg,head_lamp,train
372.jpeg,head_lamp,train
1022.jpeg,head_lamp,train
1444.jpeg,head_lamp,train
1009.jpeg,head_lamp,train
580.jpeg,head_lamp,train
72.jpeg,head_lamp,train
704.jpeg,head_lamp,train
1140.jpeg,head_lamp,train
459.jpeg,head_lamp,train
547.jpeg,head_lamp,train
434.jpeg,head_lamp,train
401.jpeg,head_lamp,train
1261.jpeg,head_lamp,train
117.jpeg,head_lamp,train
488.jpeg,head_lamp,train
1377.jpeg,head_lamp,train
1469.jpeg,head_lamp,train
1274.jpeg,head_lamp,train
143.jpeg,head_lamp,train
206.jpeg,head_lamp,train
1493.jpeg,head_lamp,train
21.jpeg,head_lamp,train
275.jpeg,head_lamp,train
457.jpeg,head_lamp,train
734.jpeg,head_lamp,train
1348.jpeg,head_lamp,train
97.jpeg,head_lamp,train
863.jpeg,head_lamp,train
1292.jpeg,head_lamp,train
1179.jpeg,head_lamp,train
590.jpeg,head_lamp,train
552.jpeg,head_lamp,train
1107.jpeg,head_lamp,train
506.jpeg,head_lamp,train
901.jpeg,head_lamp,train
668.jpeg,head_lamp,train
1472.jpeg,head_lamp,train
800.jpeg,head_lamp,train
1177.jpeg,head_lamp,train
984.jpeg,head_lamp,train
477.jpeg,head_lamp,train
634.jpeg,head_lamp,train
906.jpeg,head_lamp,train
536.jpeg,head_lamp,train
895.jpeg,head_lamp,train
1290.jpeg,head_lamp,train
623.jpeg,head_lamp,train
777.jpeg,head_lamp,train
386.jpeg,head_lamp,train
1465.jpeg,head_lamp,train
650.jpeg,head_lamp,train
672.jpeg,head_lamp,train
1267.jpeg,head_lamp,train
455.jpeg,head_lamp,train
374.jpeg,head_lamp,train
1249.jpeg,head_lamp,train
1370.jpeg,head_lamp,train
3.jpeg,head_lamp,train
579.jpeg,head_lamp,train
314.jpeg,head_lamp,train
16.jpeg,head_lamp,train
321.jpeg,head_lamp,train
1158.jpeg,head_lamp,train
1109.jpeg,head_lamp,train
1316.jpeg,head_lamp,train
887.jpeg,head_lamp,train
1452.jpeg,head_lamp,train
773.jpeg,head_lamp,train
865.jpeg,head_lamp,train
847.jpeg,head_lamp,train
1408.jpeg,head_lamp,train
1498.jpeg,head_lamp,train
283.jpeg,head_lamp,train
656.jpeg,head_lamp,train
711.jpeg,head_lamp,train
1221.jpeg,head_lamp,train
212.jpeg,head_lamp,train
988.jpeg,head_lamp,train
1144.jpeg,head_lamp,train
787.jpeg,head_lamp,val
353.jpeg,head_lamp,val
699.jpeg,head_lamp,val
797.jpeg,head_lamp,val
266.jpeg,head_lamp,val
379.jpeg,head_lamp,val
823.jpeg,head_lamp,val
1468.jpeg,head_lamp,val
487.jpeg,head_lamp,val
335.jpeg,head_lamp,val
150.jpeg,head_lamp,val
1.jpeg,head_lamp,val
834.jpeg,head_lamp,val
279.jpeg,head_lamp,val
282.jpeg,head_lamp,val
445.jpeg,head_lamp,val
603.jpeg,head_lamp,val
686.jpeg,head_lamp,val
1260.jpeg,head_lamp,val
591.jpeg,head_lamp,val
1447.jpeg,head_lamp,test
36.jpeg,head_lamp,test
856.jpeg,head_lamp,test
163.jpeg,head_lamp,test
1346.jpeg,head_lamp,test
1258.jpeg,head_lamp,test
1306.jpeg,head_lamp,test
1463.jpeg,head_lamp,test
221.jpeg,head_lamp,test
1466.jpeg,head_lamp,test
493.jpeg,head_lamp,test
186.jpeg,head_lamp,test
1123.jpeg,head_lamp,test
1072.jpeg,head_lamp,test
862.jpeg,head_lamp,test
460.jpeg,head_lamp,test
364.jpeg,head_lamp,test
682.jpeg,head_lamp,test
570.jpeg,head_lamp,test
498.jpeg,head_lamp,test
189.jpeg,tail_lamp,train
982.jpeg,tail_lamp,train
516.jpeg,tail_lamp,train
285.jpeg,tail_lamp,train
997.jpeg,tail_lamp,train
1427.jpeg,tail_lamp,train
1085.jpeg,tail_lamp,train
614.jpeg,tail_lamp,train
424.jpeg,tail_lamp,train
902.jpeg,tail_lamp,train
817.jpeg,tail_lamp,train
129.jpeg,tail_lamp,train
464.jpeg,tail_lamp,train
1476.jpeg,tail_lamp,train
319.jpeg,tail_lamp,train
961.jpeg,tail_lamp,train
408.jpeg,tail_lamp,train
1262.jpeg,tail_lamp,train
801.jpeg,tail_lamp,train
1100.jpeg,tail_lamp,train
691.jpeg,tail_lamp,train
64.jpeg,tail_lamp,train
1127.jpeg,tail_lamp,train
1400.jpeg,tail_lamp,train
1087.jpeg,tail_lamp,train
644.jpeg,tail_lamp,train
470.jpeg,tail_lamp,train
469.jpeg,tail_lamp,train
1093.jpeg,tail_lamp,train
95.jpeg,tail_lamp,train
548.jpeg,tail_lamp,train
857.jpeg,tail_lamp,train
903.jpeg,tail_lamp,train
1230.jpeg,tail_lamp,train
1333.jpeg,tail_lamp,train
121.jpeg,tail_lamp,train
179.jpeg,tail_lamp,train
1088.jpeg,tail_lamp,train
34.jpeg,tail_lamp,train
208.jpeg,tail_lamp,train
512.jpeg,tail_lamp,train
876.jpeg,tail_lamp,train
1256.jpeg,tail_lamp,train
65.jpeg,tail_lamp,train
1028.jpeg,tail_lamp,train
1283.jpeg,tail_lamp,train
1223.jpeg,tail_lamp,train
692.jpeg,tail_lamp,train
645.jpeg,tail_lamp,train
1503.jpeg,tail_lamp,train
612.jpeg,tail_lamp,train
1084.jpeg,tail_lamp,train
727.jpeg,tail_lamp,train
1502.jpeg,tail_lamp,train
905.jpeg,tail_lamp,train
1201.jpeg,tail_lamp,train
1039.jpeg,tail_lamp,train
518.jpeg,tail_lamp,train
716.jpeg,tail_lamp,train
1034.jpeg,tail_lamp,train
622.jpeg,tail_lamp,train
1019.jpeg,tail_lamp,train
1275.jpeg,tail_lamp,train
707.jpeg,tail_lamp,train
894.jpeg,tail_lamp,train
453.jpeg,tail_lamp,train
1446.jpeg,tail_lamp,train
718.jpeg,tail_lamp,train
774.jpeg,tail_lamp,train
1266.jpeg,tail_lamp,train
481.jpeg,tail_lamp,train
422.jpeg,tail_lamp,train
1196.jpeg,tail_lamp,train
1380.jpeg,tail_lamp,train
23.jpeg,tail_lamp,train
651.jpeg,tail_lamp,train
274.jpeg,tail_lamp,train
30.jpeg,tail_lamp,train
299.jpeg,tail_lamp,train
1151.jpeg,tail_lamp,train
1113.jpeg,tail_lamp,train
1269.jpeg,tail_lamp,train
1018.jpeg,tail_lamp,train
1406.jpeg,tail_lamp,train
893.jpeg,tail_lamp,train
1004.jpeg,tail_lamp,train
974.jpeg,tail_lamp,train
1317.jpeg,tail_lamp,train
1504.jpeg,tail_lamp,train
249.jpeg,tail_lamp,train
870.jpeg,tail_lamp,train
1195.jpeg,tail_lamp,train
184.jpeg,tail_lamp,train
1060.jpeg,tail_lamp,train
1136.jpeg,tail_lamp,train
760.jpeg,tail_lamp,val
647.jpeg,tail_lamp,val
587.jpeg,tail_lamp,val
1445.jpeg,tail_lamp,val
1425.jpeg,tail_lamp,val
723.jpeg,tail_lamp,val
899.jpeg,tail_lamp,val
310.jpeg,tail_lamp,val
537.jpeg,tail_lamp,val
1174.jpeg,tail_lamp,val
202.jpeg,tail_lamp,val
1240.jpeg,tail_lamp,val
564.jpeg,tail_lamp,val
387.jpeg,tail_lamp,val
52.jpeg,tail_lamp,val
1307.jpeg,tail_lamp,val
968.jpeg,tail_lamp,val
438.jpeg,tail_lamp,val
161.jpeg,tail_lamp,val
694.jpeg,tail_lamp,val
236.jpeg,tail_lamp,test
473.jpeg,tail_lamp,test
247.jpeg,tail_lamp,test
148.jpeg,tail_lamp,test
1430.jpeg,tail_lamp,test
695.jpeg,tail_lamp,test
1251.jpeg,tail_lamp,test
1297.jpeg,tail_lamp,test
836.jpeg,tail_lamp,test
171.jpeg,tail_lamp,test
807.jpeg,tail_lamp,test
325.jpeg,tail_lamp,test
1191.jpeg,tail_lamp,test
790.jpeg,tail_lamp,test
517.jpeg,tail_lamp,test
983.jpeg,tail_lamp,test
1482.jpeg,tail_lamp,test
1131.jpeg,tail_lamp,test
8.jpeg,tail_lamp,test
885.jpeg,tail_lamp,test
840.jpeg,tail_lamp,test
